FlightNumber,PayloadMass,Orbit,LaunchSite,Flights,GridFins,Reused,Legs,LandingPad,Block,ReusedCount,OrbitsLaunchingPadB0003,OrbitsLaunchingPadB0005,OrbitsLaunchingPadB0007,OrbitsLaunchingPadB1003,OrbitsLaunchingPadB1004,OrbitsLaunchingPadB1005,OrbitsLaunchingPadB1006,OrbitsLaunchingPadB1007,OrbitsLaunchingPadB1008,OrbitsLaunchingPadB1010,OrbitsLaunchingPadB1011,OrbitsLaunchingPadB1012,OrbitsLaunchingPadB1013,OrbitsLaunchingPadB1015,OrbitsLaunchingPadB1016,OrbitsLaunchingPadB1017,OrbitsLaunchingPadB1018,OrbitsLaunchingPadB1019,OrbitsLaunchingPadB1020,OrbitsLaunchingPadB1021,OrbitsLaunchingPadB1022,OrbitsLaunchingPadB1023,OrbitsLaunchingPadB1025,OrbitsLaunchingPadB1026,OrbitsLaunchingPadB1028,OrbitsLaunchingPadB1029,OrbitsLaunchingPadB1030,OrbitsLaunchingPadB1031,OrbitsLaunchingPadB1032,OrbitsLaunchingPadB1034,OrbitsLaunchingPadB1035,OrbitsLaunchingPadB1036,OrbitsLaunchingPadB1037,OrbitsLaunchingPadB1038,OrbitsLaunchingPadB1039,OrbitsLaunchingPadB1040,OrbitsLaunchingPadB1041,OrbitsLaunchingPadB1042,OrbitsLaunchingPadB1043,OrbitsLaunchingPadB1044,OrbitsLaunchingPadB1045,OrbitsLaunchingPadB1046,OrbitsLaunchingPadB1047,OrbitsLaunchingPadB1048,OrbitsLaunchingPadB1049,OrbitsLaunchingPadB1050,OrbitsLaunchingPadB1051,OrbitsLaunchingPadB1054,OrbitsLaunchingPadB1056,OrbitsLaunchingPadB1058,OrbitsLaunchingPadB1059,OrbitsLaunchingPadB1060,OrbitsLaunchingPadB1062,OrbitsLaunchingPadnan
1,6104.959411764706,LEO,CCAFS SLC 40,1,False,False,False,,1.0,0,1,0,0,0,0,0,0,0,0,0,0,0,0,0,0,0,0,0,0,0,0,0,0,0,0,0,0,0,0,0,0,0,0,0,0,0,0,0,0,0,0,0,0,0,0,0,0,0,0,0,0,0,0,0
2,525.0,LEO,CCAFS SLC 40,1,False,False,False,,1.0,0,0,1,0,0,0,0,0,0,0,0,0,0,0,0,0,0,0,0,0,0,0,0,0,0,0,0,0,0,0,0,0,0,0,0,0,0,0,0,0,0,0,0,0,0,0,0,0,0,0,0,0,0,0,0
3,677.0,ISS,CCAFS SLC 40,1,False,False,False,,1.0,0,0,0,1,0,0,0,0,0,0,0,0,0,0,0,0,0,0,0,0,0,0,0,0,0,0,0,0,0,0,0,0,0,0,0,0,0,0,0,0,0,0,0,0,0,0,0,0,0,0,0,0,0,0,0
4,500.0,PO,VAFB SLC 4E,1,False,False,False,,1.0,0,0,0,0,1,0,0,0,0,0,0,0,0,0,0,0,0,0,0,0,0,0,0,0,0,0,0,0,0,0,0,0,0,0,0,0,0,0,0,0,0,0,0,0,0,0,0,0,0,0,0,0,0,0,0
5,3170.0,GTO,CCAFS SLC 40,1,False,False,False,,1.0,0,0,0,0,0,1,0,0,0,0,0,0,0,0,0,0,0,0,0,0,0,0,0,0,0,0,0,0,0,0,0,0,0,0,0,0,0,0,0,0,0,0,0,0,0,0,0,0,0,0,0,0,0,0,0
6,3325.0,GTO,CCAFS SLC 40,1,False,False,False,,1.0,0,0,0,0,0,0,1,0,0,0,0,0,0,0,0,0,0,0,0,0,0,0,0,0,0,0,0,0,0,0,0,0,0,0,0,0,0,0,0,0,0,0,0,0,0,0,0,0,0,0,0,0,0,0,0
7,2296.0,ISS,CCAFS SLC 40,1,False,False,True,,1.0,0,0,0,0,0,0,0,1,0,0,0,0,0,0,0,0,0,0,0,0,0,0,0,0,0,0,0,0,0,0,0,0,0,0,0,0,0,0,0,0,0,0,0,0,0,0,0,0,0,0,0,0,0,0,0
8,1316.0,LEO,CCAFS SLC 40,1,False,False,True,,1.0,0,0,0,0,0,0,0,0,1,0,0,0,0,0,0,0,0,0,0,0,0,0,0,0,0,0,0,0,0,0,0,0,0,0,0,0,0,0,0,0,0,0,0,0,0,0,0,0,0,0,0,0,0,0,0
9,4535.0,GTO,CCAFS SLC 40,1,False,False,False,,1.0,0,0,0,0,0,0,0,0,0,1,0,0,0,0,0,0,0,0,0,0,0,0,0,0,0,0,0,0,0,0,0,0,0,0,0,0,0,0,0,0,0,0,0,0,0,0,0,0,0,0,0,0,0,0,0
10,4428.0,GTO,CCAFS SLC 40,1,False,False,False,,1.0,0,0,0,0,0,0,0,0,0,0,0,1,0,0,0,0,0,0,0,0,0,0,0,0,0,0,0,0,0,0,0,0,0,0,0,0,0,0,0,0,0,0,0,0,0,0,0,0,0,0,0,0,0,0,0
11,2216.0,ISS,CCAFS SLC 40,1,False,False,False,,1.0,0,0,0,0,0,0,0,0,0,0,1,0,0,0,0,0,0,0,0,0,0,0,0,0,0,0,0,0,0,0,0,0,0,0,0,0,0,0,0,0,0,0,0,0,0,0,0,0,0,0,0,0,0,0,0
12,2395.0,ISS,CCAFS SLC 40,1,True,False,True,5e9e3032383ecb761634e7cb,1.0,0,0,0,0,0,0,0,0,0,0,0,0,1,0,0,0,0,0,0,0,0,0,0,0,0,0,0,0,0,0,0,0,0,0,0,0,0,0,0,0,0,0,0,0,0,0,0,0,0,0,0,0,0,0,0
13,570.0,ES-L1,CCAFS SLC 40,1,True,False,True,,1.0,0,0,0,0,0,0,0,0,0,0,0,0,0,1,0,0,0,0,0,0,0,0,0,0,0,0,0,0,0,0,0,0,0,0,0,0,0,0,0,0,0,0,0,0,0,0,0,0,0,0,0,0,0,0,0
14,1898.0,ISS,CCAFS SLC 40,1,True,False,True,5e9e3032383ecb761634e7cb,1.0,0,0,0,0,0,0,0,0,0,0,0,0,0,0,1,0,0,0,0,0,0,0,0,0,0,0,0,0,0,0,0,0,0,0,0,0,0,0,0,0,0,0,0,0,0,0,0,0,0,0,0,0,0,0,0
15,4707.0,GTO,CCAFS SLC 40,1,False,False,False,,1.0,0,0,0,0,0,0,0,0,0,0,0,0,0,0,0,1,0,0,0,0,0,0,0,0,0,0,0,0,0,0,0,0,0,0,0,0,0,0,0,0,0,0,0,0,0,0,0,0,0,0,0,0,0,0,0
16,2477.0,ISS,CCAFS SLC 40,1,True,False,True,5e9e3032383ecb6bb234e7ca,1.0,0,0,0,0,0,0,0,0,0,0,0,0,0,0,0,0,0,1,0,0,0,0,0,0,0,0,0,0,0,0,0,0,0,0,0,0,0,0,0,0,0,0,0,0,0,0,0,0,0,0,0,0,0,0,0
17,2034.0,LEO,CCAFS SLC 40,1,True,False,True,5e9e3032383ecb267a34e7c7,1.0,0,0,0,0,0,0,0,0,0,0,0,0,0,0,0,0,0,0,1,0,0,0,0,0,0,0,0,0,0,0,0,0,0,0,0,0,0,0,0,0,0,0,0,0,0,0,0,0,0,0,0,0,0,0,0
18,553.0,PO,VAFB SLC 4E,1,True,False,True,5e9e3033383ecbb9e534e7cc,1.0,0,0,0,0,0,0,0,0,0,0,0,0,0,0,0,0,1,0,0,0,0,0,0,0,0,0,0,0,0,0,0,0,0,0,0,0,0,0,0,0,0,0,0,0,0,0,0,0,0,0,0,0,0,0,0
19,5271.0,GTO,CCAFS SLC 40,1,True,False,True,5e9e3032383ecb6bb234e7ca,1.0,0,0,0,0,0,0,0,0,0,0,0,0,0,0,0,0,0,0,0,1,0,0,0,0,0,0,0,0,0,0,0,0,0,0,0,0,0,0,0,0,0,0,0,0,0,0,0,0,0,0,0,0,0,0,0
20,3136.0,ISS,CCAFS SLC 40,1,True,False,True,5e9e3032383ecb6bb234e7ca,2.0,1,0,0,0,0,0,0,0,0,0,0,0,0,0,0,0,0,0,0,0,1,0,0,0,0,0,0,0,0,0,0,0,0,0,0,0,0,0,0,0,0,0,0,0,0,0,0,0,0,0,0,0,0,0,0
21,4696.0,GTO,CCAFS SLC 40,1,True,False,True,5e9e3032383ecb6bb234e7ca,2.0,0,0,0,0,0,0,0,0,0,0,0,0,0,0,0,0,0,0,0,0,0,1,0,0,0,0,0,0,0,0,0,0,0,0,0,0,0,0,0,0,0,0,0,0,0,0,0,0,0,0,0,0,0,0,0
22,3100.0,GTO,CCAFS SLC 40,1,True,False,True,5e9e3032383ecb6bb234e7ca,2.0,1,0,0,0,0,0,0,0,0,0,0,0,0,0,0,0,0,0,0,0,0,0,1,0,0,0,0,0,0,0,0,0,0,0,0,0,0,0,0,0,0,0,0,0,0,0,0,0,0,0,0,0,0,0,0
23,2257.0,ISS,CCAFS SLC 40,1,True,False,True,5e9e3032383ecb267a34e7c7,2.0,1,0,0,0,0,0,0,0,0,0,0,0,0,0,0,0,0,0,0,0,0,0,0,1,0,0,0,0,0,0,0,0,0,0,0,0,0,0,0,0,0,0,0,0,0,0,0,0,0,0,0,0,0,0,0
24,4600.0,GTO,CCAFS SLC 40,1,True,False,True,5e9e3032383ecb6bb234e7ca,2.0,0,0,0,0,0,0,0,0,0,0,0,0,0,0,0,0,0,0,0,0,0,0,0,0,1,0,0,0,0,0,0,0,0,0,0,0,0,0,0,0,0,0,0,0,0,0,0,0,0,0,0,0,0,0,0
25,5500.0,GTO,CCAFS SLC 40,1,True,False,True,5e9e3032383ecb6bb234e7ca,3.0,0,0,0,0,0,0,0,0,0,0,0,0,0,0,0,0,0,0,0,0,0,0,0,0,0,1,0,0,0,0,0,0,0,0,0,0,0,0,0,0,0,0,0,0,0,0,0,0,0,0,0,0,0,0,0
26,9600.0,PO,VAFB SLC 4E,1,True,False,True,5e9e3033383ecbb9e534e7cc,3.0,1,0,0,0,0,0,0,0,0,0,0,0,0,0,0,0,0,0,0,0,0,0,0,0,0,0,1,0,0,0,0,0,0,0,0,0,0,0,0,0,0,0,0,0,0,0,0,0,0,0,0,0,0,0,0
27,2490.0,ISS,KSC LC 39A,1,True,False,True,5e9e3032383ecb267a34e7c7,3.0,1,0,0,0,0,0,0,0,0,0,0,0,0,0,0,0,0,0,0,0,0,0,0,0,0,0,0,0,1,0,0,0,0,0,0,0,0,0,0,0,0,0,0,0,0,0,0,0,0,0,0,0,0,0,0
28,5600.0,GTO,KSC LC 39A,1,False,False,False,,3.0,0,0,0,0,0,0,0,0,0,0,0,0,0,0,0,0,0,0,0,0,0,0,0,0,0,0,0,1,0,0,0,0,0,0,0,0,0,0,0,0,0,0,0,0,0,0,0,0,0,0,0,0,0,0,0
29,5300.0,GTO,KSC LC 39A,2,True,True,True,5e9e3032383ecb6bb234e7ca,2.0,1,0,0,0,0,0,0,0,0,0,0,0,0,0,0,0,0,0,0,0,1,0,0,0,0,0,0,0,0,0,0,0,0,0,0,0,0,0,0,0,0,0,0,0,0,0,0,0,0,0,0,0,0,0,0
30,6104.959411764706,LEO,KSC LC 39A,1,True,False,True,5e9e3032383ecb267a34e7c7,3.0,1,0,0,0,0,0,0,0,0,0,0,0,0,0,0,0,0,0,0,0,0,0,0,0,0,0,0,0,0,1,0,0,0,0,0,0,0,0,0,0,0,0,0,0,0,0,0,0,0,0,0,0,0,0,0
31,6070.0,GTO,KSC LC 39A,1,False,False,False,,3.0,0,0,0,0,0,0,0,0,0,0,0,0,0,0,0,0,0,0,0,0,0,0,0,0,0,0,0,0,0,0,1,0,0,0,0,0,0,0,0,0,0,0,0,0,0,0,0,0,0,0,0,0,0,0,0
32,2708.0,ISS,KSC LC 39A,1,True,False,True,5e9e3032383ecb267a34e7c7,3.0,1,0,0,0,0,0,0,0,0,0,0,0,0,0,0,0,0,0,0,0,0,0,0,0,0,0,0,0,0,0,0,1,0,0,0,0,0,0,0,0,0,0,0,0,0,0,0,0,0,0,0,0,0,0,0
33,3669.0,GTO,KSC LC 39A,2,True,True,True,5e9e3032383ecb6bb234e7ca,3.0,1,0,0,0,0,0,0,0,0,0,0,0,0,0,0,0,0,0,0,0,0,0,0,0,0,0,1,0,0,0,0,0,0,0,0,0,0,0,0,0,0,0,0,0,0,0,0,0,0,0,0,0,0,0,0
34,9600.0,PO,VAFB SLC 4E,1,True,False,True,5e9e3033383ecbb9e534e7cc,3.0,1,0,0,0,0,0,0,0,0,0,0,0,0,0,0,0,0,0,0,0,0,0,0,0,0,0,0,0,0,0,0,0,1,0,0,0,0,0,0,0,0,0,0,0,0,0,0,0,0,0,0,0,0,0,0
35,6761.0,GTO,KSC LC 39A,1,False,False,False,,3.0,0,0,0,0,0,0,0,0,0,0,0,0,0,0,0,0,0,0,0,0,0,0,0,0,0,0,0,0,0,0,0,0,0,1,0,0,0,0,0,0,0,0,0,0,0,0,0,0,0,0,0,0,0,0,0
36,2910.0,ISS,KSC LC 39A,1,True,False,True,5e9e3032383ecb267a34e7c7,4.0,1,0,0,0,0,0,0,0,0,0,0,0,0,0,0,0,0,0,0,0,0,0,0,0,0,0,0,0,0,0,0,0,0,0,0,1,0,0,0,0,0,0,0,0,0,0,0,0,0,0,0,0,0,0,0
37,475.0,SSO,VAFB SLC 4E,1,True,False,True,5e9e3033383ecbb9e534e7cc,3.0,1,0,0,0,0,0,0,0,0,0,0,0,0,0,0,0,0,0,0,0,0,0,0,0,0,0,0,0,0,0,0,0,0,0,1,0,0,0,0,0,0,0,0,0,0,0,0,0,0,0,0,0,0,0,0
38,4990.0,LEO,KSC LC 39A,1,True,False,True,5e9e3032383ecb267a34e7c7,4.0,1,0,0,0,0,0,0,0,0,0,0,0,0,0,0,0,0,0,0,0,0,0,0,0,0,0,0,0,0,0,0,0,0,0,0,0,1,0,0,0,0,0,0,0,0,0,0,0,0,0,0,0,0,0,0
39,9600.0,PO,VAFB SLC 4E,1,True,False,True,5e9e3033383ecbb9e534e7cc,4.0,1,0,0,0,0,0,0,0,0,0,0,0,0,0,0,0,0,0,0,0,0,0,0,0,0,0,0,0,0,0,0,0,0,0,0,0,0,1,0,0,0,0,0,0,0,0,0,0,0,0,0,0,0,0,0
40,5200.0,GTO,KSC LC 39A,2,True,True,True,5e9e3032383ecb6bb234e7ca,3.0,1,0,0,0,0,0,0,0,0,0,0,0,0,0,0,0,0,0,0,0,0,0,0,0,0,0,0,0,1,0,0,0,0,0,0,0,0,0,0,0,0,0,0,0,0,0,0,0,0,0,0,0,0,0,0
41,3700.0,GTO,KSC LC 39A,1,True,False,True,5e9e3032383ecb6bb234e7ca,4.0,0,0,0,0,0,0,0,0,0,0,0,0,0,0,0,0,0,0,0,0,0,0,0,0,0,0,0,0,0,0,0,0,0,0,0,0,0,0,1,0,0,0,0,0,0,0,0,0,0,0,0,0,0,0,0
42,2205.0,ISS,CCAFS SLC 40,2,True,True,True,5e9e3032383ecb267a34e7c7,3.0,1,0,0,0,0,0,0,0,0,0,0,0,0,0,0,0,0,0,0,0,0,0,0,0,0,0,0,0,0,0,0,1,0,0,0,0,0,0,0,0,0,0,0,0,0,0,0,0,0,0,0,0,0,0,0
43,9600.0,PO,VAFB SLC 4E,2,True,True,False,,3.0,1,0,0,0,0,0,0,0,0,0,0,0,0,0,0,0,0,0,0,0,0,0,0,0,0,0,0,0,0,0,0,0,1,0,0,0,0,0,0,0,0,0,0,0,0,0,0,0,0,0,0,0,0,0,0
44,6104.959411764706,LEO,CCAFS SLC 40,1,True,False,True,5e9e3032383ecb267a34e7c7,4.0,1,0,0,0,0,0,0,0,0,0,0,0,0,0,0,0,0,0,0,0,0,0,0,0,0,0,0,0,0,0,0,0,0,0,0,0,0,0,0,1,0,0,0,0,0,0,0,0,0,0,0,0,0,0,0
45,4230.0,GTO,CCAFS SLC 40,2,True,True,True,,3.0,1,0,0,0,0,0,0,0,0,0,0,0,0,0,0,0,0,0,0,0,0,0,0,0,0,0,0,0,0,1,0,0,0,0,0,0,0,0,0,0,0,0,0,0,0,0,0,0,0,0,0,0,0,0,0
46,6092.0,GTO,CCAFS SLC 40,1,True,False,True,,4.0,0,0,0,0,0,0,0,0,0,0,0,0,0,0,0,0,0,0,0,0,0,0,0,0,0,0,0,0,0,0,0,0,0,0,0,0,0,0,0,0,1,0,0,0,0,0,0,0,0,0,0,0,0,0,0
47,9600.0,PO,VAFB SLC 4E,2,True,True,True,,4.0,1,0,0,0,0,0,0,0,0,0,0,0,0,0,0,0,0,0,0,0,0,0,0,0,0,0,0,0,0,0,0,0,0,0,0,0,0,1,0,0,0,0,0,0,0,0,0,0,0,0,0,0,0,0,0
48,2760.0,ISS,CCAFS SLC 40,2,True,True,True,,4.0,1,0,0,0,0,0,0,0,0,0,0,0,0,0,0,0,0,0,0,0,0,0,0,0,0,0,0,0,0,0,0,0,0,0,0,1,0,0,0,0,0,0,0,0,0,0,0,0,0,0,0,0,0,0,0
49,350.0,HEO,CCAFS SLC 40,1,True,False,True,5e9e3032383ecb6bb234e7ca,4.0,1,0,0,0,0,0,0,0,0,0,0,0,0,0,0,0,0,0,0,0,0,0,0,0,0,0,0,0,0,0,0,0,0,0,0,0,0,0,0,0,0,1,0,0,0,0,0,0,0,0,0,0,0,0,0
50,3750.0,GTO,KSC LC 39A,1,True,False,True,5e9e3032383ecb6bb234e7ca,5.0,3,0,0,0,0,0,0,0,0,0,0,0,0,0,0,0,0,0,0,0,0,0,0,0,0,0,0,0,0,0,0,0,0,0,0,0,0,0,0,0,0,0,1,0,0,0,0,0,0,0,0,0,0,0,0
51,5383.85,GTO,CCAFS SLC 40,2,False,True,False,,4.0,1,0,0,0,0,0,0,0,0,0,0,0,0,0,0,0,0,0,0,0,0,0,0,0,0,0,0,0,0,0,0,0,0,0,0,0,1,0,0,0,0,0,0,0,0,0,0,0,0,0,0,0,0,0,0
52,2410.0,ISS,CCAFS SLC 40,2,False,True,False,,4.0,1,0,0,0,0,0,0,0,0,0,0,0,0,0,0,0,0,0,0,0,0,0,0,0,0,0,0,0,0,0,0,0,0,0,0,0,0,0,0,0,0,1,0,0,0,0,0,0,0,0,0,0,0,0,0
53,7076.0,GTO,CCAFS SLC 40,1,True,False,True,5e9e3032383ecb6bb234e7ca,5.0,2,0,0,0,0,0,0,0,0,0,0,0,0,0,0,0,0,0,0,0,0,0,0,0,0,0,0,0,0,0,0,0,0,0,0,0,0,0,0,0,0,0,0,1,0,0,0,0,0,0,0,0,0,0,0
54,9600.0,PO,VAFB SLC 4E,1,True,False,True,5e9e3033383ecbb9e534e7cc,5.0,4,0,0,0,0,0,0,0,0,0,0,0,0,0,0,0,0,0,0,0,0,0,0,0,0,0,0,0,0,0,0,0,0,0,0,0,0,0,0,0,0,0,0,0,1,0,0,0,0,0,0,0,0,0,0
55,5800.0,GTO,CCAFS SLC 40,2,True,True,True,5e9e3032383ecb6bb234e7ca,5.0,3,0,0,0,0,0,0,0,0,0,0,0,0,0,0,0,0,0,0,0,0,0,0,0,0,0,0,0,0,0,0,0,0,0,0,0,0,0,0,0,0,0,1,0,0,0,0,0,0,0,0,0,0,0,0
56,7060.0,GTO,CCAFS SLC 40,1,True,False,True,5e9e3032383ecb6bb234e7ca,5.0,5,0,0,0,0,0,0,0,0,0,0,0,0,0,0,0,0,0,0,0,0,0,0,0,0,0,0,0,0,0,0,0,0,0,0,0,0,0,0,0,0,0,0,0,0,1,0,0,0,0,0,0,0,0,0
57,2800.0,SSO,VAFB SLC 4E,2,True,True,True,5e9e3032383ecb554034e7c9,5.0,4,0,0,0,0,0,0,0,0,0,0,0,0,0,0,0,0,0,0,0,0,0,0,0,0,0,0,0,0,0,0,0,0,0,0,0,0,0,0,0,0,0,0,0,1,0,0,0,0,0,0,0,0,0,0
58,3000.0,GTO,KSC LC 39A,2,True,True,True,5e9e3032383ecb6bb234e7ca,5.0,2,0,0,0,0,0,0,0,0,0,0,0,0,0,0,0,0,0,0,0,0,0,0,0,0,0,0,0,0,0,0,0,0,0,0,0,0,0,0,0,0,0,0,1,0,0,0,0,0,0,0,0,0,0,0
59,4000.0,SSO,VAFB SLC 4E,3,True,True,True,5e9e3033383ecbb9e534e7cc,5.0,3,0,0,0,0,0,0,0,0,0,0,0,0,0,0,0,0,0,0,0,0,0,0,0,0,0,0,0,0,0,0,0,0,0,0,0,0,0,0,0,0,0,1,0,0,0,0,0,0,0,0,0,0,0,0
60,2573.0,ISS,CCAFS SLC 40,1,True,False,True,5e9e3032383ecb267a34e7c7,5.0,0,0,0,0,0,0,0,0,0,0,0,0,0,0,0,0,0,0,0,0,0,0,0,0,0,0,0,0,0,0,0,0,0,0,0,0,0,0,0,0,0,0,0,0,0,0,1,0,0,0,0,0,0,0,0
61,4400.0,MEO,CCAFS SLC 40,1,False,False,False,,5.0,0,0,0,0,0,0,0,0,0,0,0,0,0,0,0,0,0,0,0,0,0,0,0,0,0,0,0,0,0,0,0,0,0,0,0,0,0,0,0,0,0,0,0,0,0,0,0,0,1,0,0,0,0,0,0
62,9600.0,PO,VAFB SLC 4E,2,True,True,True,5e9e3033383ecbb9e534e7cc,5.0,5,0,0,0,0,0,0,0,0,0,0,0,0,0,0,0,0,0,0,0,0,0,0,0,0,0,0,0,0,0,0,0,0,0,0,0,0,0,0,0,0,0,0,0,0,1,0,0,0,0,0,0,0,0,0
63,12259.0,ISS,KSC LC 39A,1,True,False,True,5e9e3032383ecb6bb234e7ca,5.0,5,0,0,0,0,0,0,0,0,0,0,0,0,0,0,0,0,0,0,0,0,0,0,0,0,0,0,0,0,0,0,0,0,0,0,0,0,0,0,0,0,0,0,0,0,0,0,1,0,0,0,0,0,0,0
64,2482.0,ISS,CCAFS SLC 40,1,True,False,True,5e9e3032383ecb6bb234e7ca,5.0,3,0,0,0,0,0,0,0,0,0,0,0,0,0,0,0,0,0,0,0,0,0,0,0,0,0,0,0,0,0,0,0,0,0,0,0,0,0,0,0,0,0,0,0,0,0,0,0,0,1,0,0,0,0,0
65,13620.0,VLEO,CCAFS SLC 40,3,True,True,True,5e9e3032383ecb6bb234e7ca,5.0,5,0,0,0,0,0,0,0,0,0,0,0,0,0,0,0,0,0,0,0,0,0,0,0,0,0,0,0,0,0,0,0,0,0,0,0,0,0,0,0,0,0,0,0,0,1,0,0,0,0,0,0,0,0,0
66,1425.0,SSO,VAFB SLC 4E,2,True,True,True,5e9e3032383ecb554034e7c9,5.0,5,0,0,0,0,0,0,0,0,0,0,0,0,0,0,0,0,0,0,0,0,0,0,0,0,0,0,0,0,0,0,0,0,0,0,0,0,0,0,0,0,0,0,0,0,0,0,1,0,0,0,0,0,0,0
67,2227.7,ISS,CCAFS SLC 40,2,True,True,True,5e9e3032383ecb267a34e7c7,5.0,3,0,0,0,0,0,0,0,0,0,0,0,0,0,0,0,0,0,0,0,0,0,0,0,0,0,0,0,0,0,0,0,0,0,0,0,0,0,0,0,0,0,0,0,0,0,0,0,0,1,0,0,0,0,0
68,6500.0,GTO,CCAFS SLC 40,3,False,True,False,,5.0,2,0,0,0,0,0,0,0,0,0,0,0,0,0,0,0,0,0,0,0,0,0,0,0,0,0,0,0,0,0,0,0,0,0,0,0,0,0,0,0,0,0,0,1,0,0,0,0,0,0,0,0,0,0,0
69,15600.0,VLEO,CCAFS SLC 40,4,True,True,True,5e9e3032383ecb6bb234e7ca,5.0,4,0,0,0,0,0,0,0,0,0,0,0,0,0,0,0,0,0,0,0,0,0,0,0,0,0,0,0,0,0,0,0,0,0,0,0,0,0,0,0,0,0,0,0,1,0,0,0,0,0,0,0,0,0,0
70,5000.0,ISS,CCAFS SLC 40,1,True,False,True,5e9e3032383ecb6bb234e7ca,5.0,3,0,0,0,0,0,0,0,0,0,0,0,0,0,0,0,0,0,0,0,0,0,0,0,0,0,0,0,0,0,0,0,0,0,0,0,0,0,0,0,0,0,0,0,0,0,0,0,0,0,0,1,0,0,0
71,6800.0,GTO,CCAFS SLC 40,3,True,True,True,5e9e3032383ecb6bb234e7ca,5.0,3,0,0,0,0,0,0,0,0,0,0,0,0,0,0,0,0,0,0,0,0,0,0,0,0,0,0,0,0,0,0,0,0,0,0,0,0,0,0,0,0,0,0,0,0,0,0,0,0,1,0,0,0,0,0
72,15400.0,VLEO,CCAFS SLC 40,4,True,True,True,5e9e3032383ecb6bb234e7ca,5.0,5,0,0,0,0,0,0,0,0,0,0,0,0,0,0,0,0,0,0,0,0,0,0,0,0,0,0,0,0,0,0,0,0,0,0,0,0,0,0,0,0,0,0,0,0,1,0,0,0,0,0,0,0,0,0
73,6104.959411764706,SO,KSC LC 39A,4,False,True,False,,5.0,3,0,0,0,0,0,0,0,0,0,0,0,0,0,0,0,0,0,0,0,0,0,0,0,0,0,0,0,0,0,0,0,0,0,0,0,0,0,0,0,0,0,1,0,0,0,0,0,0,0,0,0,0,0,0
74,15600.0,VLEO,CCAFS SLC 40,3,True,True,True,5e9e3032383ecb6bb234e7ca,5.0,5,0,0,0,0,0,0,0,0,0,0,0,0,0,0,0,0,0,0,0,0,0,0,0,0,0,0,0,0,0,0,0,0,0,0,0,0,0,0,0,0,0,0,0,0,0,0,1,0,0,0,0,0,0,0
75,15400.0,VLEO,CCAFS SLC 40,4,True,True,True,5e9e3032383ecb6bb234e7ca,5.0,3,0,0,0,0,0,0,0,0,0,0,0,0,0,0,0,0,0,0,0,0,0,0,0,0,0,0,0,0,0,0,0,0,0,0,0,0,0,0,0,0,0,0,0,0,0,0,0,0,1,0,0,0,0,0
76,1977.0,ISS,CCAFS SLC 40,2,True,True,True,5e9e3032383ecb267a34e7c7,5.0,3,0,0,0,0,0,0,0,0,0,0,0,0,0,0,0,0,0,0,0,0,0,0,0,0,0,0,0,0,0,0,0,0,0,0,0,0,0,0,0,0,0,0,0,0,0,0,0,0,0,0,1,0,0,0
77,15600.0,VLEO,KSC LC 39A,5,True,True,True,5e9e3032383ecb6bb234e7ca,5.0,4,0,0,0,0,0,0,0,0,0,0,0,0,0,0,0,0,0,0,0,0,0,0,0,0,0,0,0,0,0,0,0,0,0,0,0,0,0,0,0,0,0,0,0,1,0,0,0,0,0,0,0,0,0,0
78,15400.0,VLEO,KSC LC 39A,4,True,True,True,5e9e3032383ecb6bb234e7ca,5.0,5,0,0,0,0,0,0,0,0,0,0,0,0,0,0,0,0,0,0,0,0,0,0,0,0,0,0,0,0,0,0,0,0,0,0,0,0,0,0,0,0,0,0,0,0,0,0,1,0,0,0,0,0,0,0
79,9525.0,ISS,KSC LC 39A,1,True,False,True,5e9e3032383ecb6bb234e7ca,5.0,2,0,0,0,0,0,0,0,0,0,0,0,0,0,0,0,0,0,0,0,0,0,0,0,0,0,0,0,0,0,0,0,0,0,0,0,0,0,0,0,0,0,0,0,0,0,0,0,0,0,1,0,0,0,0
80,15400.0,VLEO,CCAFS SLC 40,5,True,True,True,5e9e3033383ecbb9e534e7cc,5.0,5,0,0,0,0,0,0,0,0,0,0,0,0,0,0,0,0,0,0,0,0,0,0,0,0,0,0,0,0,0,0,0,0,0,0,0,0,0,0,0,0,0,0,0,0,1,0,0,0,0,0,0,0,0,0
81,15400.0,VLEO,CCAFS SLC 40,3,True,True,True,5e9e3032383ecb6bb234e7ca,5.0,3,0,0,0,0,0,0,0,0,0,0,0,0,0,0,0,0,0,0,0,0,0,0,0,0,0,0,0,0,0,0,0,0,0,0,0,0,0,0,0,0,0,0,0,0,0,0,0,0,0,0,1,0,0,0
82,3880.0,MEO,CCAFS SLC 40,1,True,False,True,5e9e3033383ecbb9e534e7cc,5.0,2,0,0,0,0,0,0,0,0,0,0,0,0,0,0,0,0,0,0,0,0,0,0,0,0,0,0,0,0,0,0,0,0,0,0,0,0,0,0,0,0,0,0,0,0,0,0,0,0,0,0,0,1,0,0
83,6104.959411764706,GEO,CCAFS SLC 40,2,True,True,True,5e9e3033383ecbb9e534e7cc,5.0,2,0,0,0,0,0,0,0,0,0,0,0,0,0,0,0,0,0,0,0,0,0,0,0,0,0,0,0,0,0,0,0,0,0,0,0,0,0,0,0,0,0,0,0,0,0,0,0,0,0,1,0,0,0,0
84,15400.0,VLEO,CCAFS SLC 40,6,True,True,True,5e9e3032383ecb6bb234e7ca,5.0,5,0,0,0,0,0,0,0,0,0,0,0,0,0,0,0,0,0,0,0,0,0,0,0,0,0,0,0,0,0,0,0,0,0,0,0,0,0,0,0,0,0,0,0,0,1,0,0,0,0,0,0,0,0,0
85,1600.0,SSO,CCAFS SLC 40,4,True,True,True,5e9e3032383ecb267a34e7c7,5.0,3,0,0,0,0,0,0,0,0,0,0,0,0,0,0,0,0,0,0,0,0,0,0,0,0,0,0,0,0,0,0,0,0,0,0,0,0,0,0,0,0,0,0,0,0,0,0,0,0,0,0,1,0,0,0
86,15400.0,VLEO,KSC LC 39A,2,True,True,True,5e9e3032383ecb6bb234e7ca,5.0,2,0,0,0,0,0,0,0,0,0,0,0,0,0,0,0,0,0,0,0,0,0,0,0,0,0,0,0,0,0,0,0,0,0,0,0,0,0,0,0,0,0,0,0,0,0,0,0,0,0,0,0,1,0,0
87,15400.0,VLEO,KSC LC 39A,3,True,True,True,5e9e3032383ecb6bb234e7ca,5.0,2,0,0,0,0,0,0,0,0,0,0,0,0,0,0,0,0,0,0,0,0,0,0,0,0,0,0,0,0,0,0,0,0,0,0,0,0,0,0,0,0,0,0,0,0,0,0,0,0,0,1,0,0,0,0
88,15400.0,VLEO,KSC LC 39A,6,True,True,True,5e9e3032383ecb6bb234e7ca,5.0,5,0,0,0,0,0,0,0,0,0,0,0,0,0,0,0,0,0,0,0,0,0,0,0,0,0,0,0,0,0,0,0,0,0,0,0,0,0,0,0,0,0,0,0,0,0,0,1,0,0,0,0,0,0,0
89,15400.0,VLEO,CCAFS SLC 40,3,True,True,True,5e9e3033383ecbb9e534e7cc,5.0,2,0,0,0,0,0,0,0,0,0,0,0,0,0,0,0,0,0,0,0,0,0,0,0,0,0,0,0,0,0,0,0,0,0,0,0,0,0,0,0,0,0,0,0,0,0,0,0,0,0,0,0,1,0,0
90,3681.0,MEO,CCAFS SLC 40,1,True,False,True,5e9e3032383ecb6bb234e7ca,5.0,0,0,0,0,0,0,0,0,0,0,0,0,0,0,0,0,0,0,0,0,0,0,0,0,0,0,0,0,0,0,0,0,0,0,0,0,0,0,0,0,0,0,0,0,0,0,0,0,0,0,0,0,0,1,0
